"MP1","MP2","MP3","MP4","lrt_stat","lrt_pval","mle_negbin"
16,4,3,0,7.4689930965386,0.00313853242770898,6.17858942781744
17,4,3,0,4.44971176697022,0.0174535689976304,5.19048531751048
18,4,3,0,0.0569305673198102,0.405707389090392,3.36084647904574
16,4,2,0,5.05785935685395,0.0122572498184367,4.20412132173151
16,4,1,0,3.14488651964333,0.0380826493996338,2.93713209503345
