"MP1","MP2","MP3","MP4","lrt_stat","lrt_pval","mle_negbin"
16,4,3,0,7.46899331614822,0.00313853204485857,6.17650985944621
17,4,3,0,4.44971197357943,0.0174535668859841,5.19194143353224
18,4,3,0,0.0569306376386791,0.405707331953484,3.36127141549287
16,4,2,0,5.05785935685628,0.0122572498184202,4.20412535175871
16,4,1,0,3.14488659491764,0.0380826476424348,2.93760721415864
